氏名    ,メールアドレス                   ,得点
浜田 英樹 ,nnakatsugawa@gmail.com    ,85
吉田 結衣 ,yamadaharuka@kato.org     ,8
小林 加奈 ,hiroshitakahashi@yahoo.com,80
山口 拓真 ,sayuri62@yahoo.com        ,48
青山 くみ子,ogakiyui@kato.jp          ,75
井高 花子 ,ihamada@gmail.com         ,57
大垣 香織 ,gkato@hotmail.com         ,18
杉山 学  ,kaorikoizumi@hotmail.com  ,12
杉山 京助 ,hirokihirokawa@gmail.com  ,33
松本 さゆり,jyoshida@yahoo.com        ,38
