氏名    ,メールアドレス                     ,得点
江古田 学 ,osamukudo@sakamoto.jp       ,98
喜嶋 くみ子,nakamuratomomi@hotmail.com  ,12
吉本 拓真 ,mikisuzuki@yahoo.com        ,37
山本 くみ子,xidaka@hotmail.com          ,50
中村 英樹 ,tomoya67@hotmail.com        ,43
桐山 真綾 ,kenichi90@gmail.com         ,79
桐山 太郎 ,rikaaoyama@matsumoto.com    ,16
大垣 直子 ,ztanaka@ekoda.com           ,98
小林 翼  ,hirokawaharuka@kobayashi.net,62
小林 真綾 ,chiyokudo@yahoo.com         ,63
