氏名    ,メールアドレス                      ,得点
田中 京助 ,aoyamahiroki@yahoo.com       ,93
青山 陽一 ,naotohideki46@yahoo.com      ,66
松本 舞  ,tomoya74@gmail.com           ,15
井高 明美 ,nishinosonoyosuke@hotmail.com,70
野村 直子 ,fujimototomoya@hotmail.com   ,35
坂本 直樹 ,sakamotonaoko@harada.jp      ,88
山本 くみ子,akira61@ogaki.jp             ,43
津田 加奈 ,sotaro79@yahoo.com           ,40
井上 桃子 ,ryoheikobayashi@gmail.com    ,59
藤本 あすか,inakamura@hotmail.com        ,76
