氏名    ,メールアドレス                   ,得点
井上 拓真 ,sasakihanako@takahashi.com,69
田辺 稔  ,akemi79@yahoo.com         ,23
斉藤 七夏 ,yumiko71@hotmail.com      ,2
津田 直樹 ,koizumiasuka@yoshimoto.org,52
伊藤 明美 ,yoshidaryosuke@yoshida.com,62
中島 学  ,ishidachiyo@takahashi.jp  ,69
中津川 太郎,hiroki71@yahoo.com        ,1
斉藤 智也 ,kyosukeekoda@yahoo.com    ,5
笹田 美加子,tsubasa17@kudo.jp         ,81
江古田 洋介,maayawatanabe@watanabe.com,20
