氏名    ,メールアドレス                  ,得点
西之園 太一,atsushisasada@yoshida.org,13
渡辺 康弘 ,unohiroshi@hotmail.com   ,46
斉藤 稔  ,hsasaki@kano.jp          ,64
西之園 晃 ,fogaki@kimura.jp         ,3
山本 知実 ,kobayashiakira@idaka.jp  ,21
佐々木 修平,yosuke31@nakatsugawa.com ,75
山岸 美加子,kiriyamakana@hotmail.com ,84
工藤 康弘 ,murayamataichi@kudo.com  ,49
吉田 健一 ,minoru20@uno.com         ,50
渡辺 加奈 ,kimuramiki@takahashi.com ,76
