氏名    ,メールアドレス                     ,得点
原田 千代 ,atsushiogaki@yahoo.com      ,95
鈴木 智也 ,naotohideki21@matsumoto.com ,68
山口 知実 ,sotaro60@yahoo.com          ,16
近藤 涼平 ,aoyamaakira@idaka.jp        ,29
小林 涼平 ,yoshimototomoya@nakajima.com,79
伊藤 明美 ,dyamagishi@kiriyama.org     ,14
井高 くみ子,osamu40@hotmail.com         ,99
井高 結衣 ,ryosukematsumoto@yahoo.com  ,31
小泉 和也 ,yokoekoda@aota.jp           ,6
鈴木 修平 ,akemi47@aota.com            ,27
